{
  "circular_structure": {
    "adjacency_pairs": [
      [
        0,
        1
      ],
      [
        1,
        2
      ],
      [
        2,
        3
      ],
      [
        3,
        4
      ],
      [
        4,
        0
      ]
    ],
    "diameter_pairs": [
      [
        0,
        2
      ],
      [
        1,
        3
      ],
      [
        2,
        4
      ]
    ],
    "expected_radius_consistency": true,
    "expected_angular_spacing": 1.2566370614359172
  },
  "algebraic_properties": {
    "commutative_pairs": [
      [
        [
          0,
          1
        ],
        [
          1,
          0
        ]
      ],
      [
        [
          0,
          2
        ],
        [
          2,
          0
        ]
      ],
      [
        [
          0,
          3
        ],
        [
          3,
          0
        ]
      ],
      [
        [
          0,
          4
        ],
        [
          4,
          0
        ]
      ],
      [
        [
          1,
          2
        ],
        [
          2,
          1
        ]
      ],
      [
        [
          1,
          3
        ],
        [
          3,
          1
        ]
      ],
      [
        [
          1,
          4
        ],
        [
          4,
          1
        ]
      ],
      [
        [
          2,
          3
        ],
        [
          3,
          2
        ]
      ],
      [
        [
          2,
          4
        ],
        [
          4,
          2
        ]
      ],
      [
        [
          3,
          4
        ],
        [
          4,
          3
        ]
      ]
    ],
    "identity_pairs": [
      [
        0,
        0
      ],
      [
        1,
        0
      ],
      [
        2,
        0
      ],
      [
        3,
        0
      ],
      [
        4,
        0
      ]
    ],
    "inverse_pairs": [
      [
        1,
        4
      ],
      [
        2,
        3
      ]
    ],
    "addition_table": [
      [
        0,
        1,
        2,
        3,
        4
      ],
      [
        1,
        2,
        3,
        4,
        0
      ],
      [
        2,
        3,
        4,
        0,
        1
      ],
      [
        3,
        4,
        0,
        1,
        2
      ],
      [
        4,
        0,
        1,
        2,
        3
      ]
    ],
    "is_abelian_group": true,
    "identity_element": 0
  },
  "distance_matrices": {
    "circular_distance": [
      [
        0.0,
        1.0,
        2.0,
        2.0,
        1.0
      ],
      [
        1.0,
        0.0,
        1.0,
        2.0,
        2.0
      ],
      [
        2.0,
        1.0,
        0.0,
        1.0,
        2.0
      ],
      [
        2.0,
        2.0,
        1.0,
        0.0,
        1.0
      ],
      [
        1.0,
        2.0,
        2.0,
        1.0,
        0.0
      ]
    ],
    "euclidean_distance": [
      [
        0.0,
        1.1755706071853638,
        1.9021129608154297,
        1.9021129608154297,
        1.1755703687667847
      ],
      [
        1.1755706071853638,
        0.0,
        1.1755706071853638,
        1.9021130800247192,
        1.9021129608154297
      ],
      [
        1.9021129608154297,
        1.1755706071853638,
        0.0,
        1.1755704879760742,
        1.9021130800247192
      ],
      [
        1.9021129608154297,
        1.9021130800247192,
        1.1755704879760742,
        0.0,
        1.1755706071853638
      ],
      [
        1.1755703687667847,
        1.9021129608154297,
        1.9021130800247192,
        1.1755706071853638,
        0.0
      ]
    ],
    "unit_circle_coords": [
      [
        1.0,
        0.0
      ],
      [
        0.30901697278022766,
        0.9510565400123596
      ],
      [
        -0.80901700258255,
        0.5877851843833923
      ],
      [
        -0.8090169429779053,
        -0.5877853631973267
      ],
      [
        0.3090171217918396,
        -0.9510564804077148
      ]
    ],
    "angles": [
      0.0,
      1.2566370964050293,
      2.5132741928100586,
      3.769911289215088,
      5.026548385620117
    ]
  },
  "validation_sets": {
    "commutativity": {
      "index_pairs": [
        [
          1,
          5
        ],
        [
          2,
          10
        ],
        [
          3,
          15
        ],
        [
          4,
          20
        ],
        [
          7,
          11
        ],
        [
          8,
          16
        ],
        [
          9,
          21
        ],
        [
          13,
          17
        ],
        [
          14,
          22
        ],
        [
          19,
          23
        ]
      ],
      "description": "f(a,b) should equal f(b,a)",
      "expected_difference": 0
    },
    "identity": {
      "indices": [
        0,
        5,
        10,
        15,
        20
      ],
      "expected_outputs": [
        0,
        1,
        2,
        3,
        4
      ],
      "description": "f(a,0) should equal a"
    },
    "inverse": {
      "indices": [
        9,
        13
      ],
      "expected_output": 0,
      "description": "f(a,p-a) should equal 0"
    }
  },
  "dataset_info": {
    "p": 5,
    "representation": "embedding",
    "num_examples": 25,
    "input_shape": [
      25,
      2
    ],
    "target_shape": [
      25
    ]
  }
}